WKT,field_1,Unnamed_ 0,name,lat,lng,district,layer,path
"POINT (114.07583 22.521671)","243","243",福田口岸,"22.521671","114.07583",地铁4号线,10号线,E:/jojo/UCL/T2/0012/Q1_QGIS/10号线.shp|layername=10号线
"POINT (114.072814 22.529772)","244","244",福民,"22.529772","114.072814","地铁10号线;地铁4号线;地铁7号线",10号线,E:/jojo/UCL/T2/0012/Q1_QGIS/10号线.shp|layername=10号线
"POINT (114.072207 22.540518)","245","245",岗厦地铁站,"22.540518","114.072207","3路;38路;62路;63路;80路;E10路;E20路;M198路;M224路;M329路;高峰专线23路;高峰专线29号;高快巴士27路",10号线,E:/jojo/UCL/T2/0012/Q1_QGIS/10号线.shp|layername=10号线
"POINT (114.075212 22.546799)","246","246",岗厦北,"22.546799","114.075212","地铁10号线;地铁2号线;地铁8号线",10号线,E:/jojo/UCL/T2/0012/Q1_QGIS/10号线.shp|layername=10号线
"POINT (114.074512 22.554522)","247","247",莲花村,"22.554522","114.074512","地铁10号线;地铁3号线",10号线,E:/jojo/UCL/T2/0012/Q1_QGIS/10号线.shp|layername=10号线
"POINT (114.074191 22.565792)","248","248",冬瓜岭,"22.565792","114.074191",地铁10号线,10号线,E:/jojo/UCL/T2/0012/Q1_QGIS/10号线.shp|layername=10号线
"POINT (114.074247 22.573885)","249","249",孖岭,"22.573885","114.074247","地铁10号线;地铁9号线",10号线,E:/jojo/UCL/T2/0012/Q1_QGIS/10号线.shp|layername=10号线
"POINT (114.06687 22.609073)","250","250",雅宝,"22.609073","114.06687",地铁10号线,10号线,E:/jojo/UCL/T2/0012/Q1_QGIS/10号线.shp|layername=10号线
"POINT (114.067048 22.61661)","251","251",南坑,"22.61661","114.067048",地铁10号线,10号线,E:/jojo/UCL/T2/0012/Q1_QGIS/10号线.shp|layername=10号线
"POINT (114.06744 22.622193)","252","252",光雅园,"22.622193","114.06744",地铁10号线,10号线,E:/jojo/UCL/T2/0012/Q1_QGIS/10号线.shp|layername=10号线
"POINT (114.067291 22.632054)","253","253",五和,"22.632054","114.067291","地铁10号线;地铁5号线",10号线,E:/jojo/UCL/T2/0012/Q1_QGIS/10号线.shp|layername=10号线
"POINT (114.069957 22.640759)","254","254",坂田北,"22.640759","114.069957",地铁10号线,10号线,E:/jojo/UCL/T2/0012/Q1_QGIS/10号线.shp|layername=10号线
"POINT (114.072963 22.647312)","255","255",贝尔路,"22.647312","114.072963",地铁10号线,10号线,E:/jojo/UCL/T2/0012/Q1_QGIS/10号线.shp|layername=10号线
"POINT (114.073896 22.65625)","256","256",华为,"22.65625","114.073896",地铁10号线,10号线,E:/jojo/UCL/T2/0012/Q1_QGIS/10号线.shp|layername=10号线
"POINT (114.078351 22.662603)","257","257",岗头,"22.662603","114.078351",地铁10号线,10号线,E:/jojo/UCL/T2/0012/Q1_QGIS/10号线.shp|layername=10号线
"POINT (114.086485 22.66208)","258","258",雪象,"22.66208","114.086485",地铁10号线,10号线,E:/jojo/UCL/T2/0012/Q1_QGIS/10号线.shp|layername=10号线
"POINT (114.112476 22.653966)","259","259",甘坑,"22.653966","114.112476",地铁10号线,10号线,E:/jojo/UCL/T2/0012/Q1_QGIS/10号线.shp|layername=10号线
"POINT (114.1253 22.652839)","260","260",凉帽山,"22.652839","114.1253",地铁10号线,10号线,E:/jojo/UCL/T2/0012/Q1_QGIS/10号线.shp|layername=10号线
"POINT (114.133527 22.660266)","261","261",上李朗,"22.660266","114.133527",地铁10号线,10号线,E:/jojo/UCL/T2/0012/Q1_QGIS/10号线.shp|layername=10号线
"POINT (114.128906 22.676506)","262","262",木古,"22.676506","114.128906",地铁10号线,10号线,E:/jojo/UCL/T2/0012/Q1_QGIS/10号线.shp|layername=10号线
"POINT (114.128699 22.682557)","263","263",华南城,"22.682557","114.128699",地铁10号线,10号线,E:/jojo/UCL/T2/0012/Q1_QGIS/10号线.shp|layername=10号线
"POINT (114.12755 22.692145)","264","264",禾花,"22.692145","114.12755",地铁10号线,10号线,E:/jojo/UCL/T2/0012/Q1_QGIS/10号线.shp|layername=10号线
"POINT (114.132448 22.699925)","265","265",平湖,"22.699925","114.132448",地铁10号线,10号线,E:/jojo/UCL/T2/0012/Q1_QGIS/10号线.shp|layername=10号线
"POINT (114.139355 22.704901)","266","266",双拥街,"22.704901","114.139355",地铁10号线,10号线,E:/jojo/UCL/T2/0012/Q1_QGIS/10号线.shp|layername=10号线
"POINT (114.060784 22.545641)","267","267",福田,"22.545641","114.060784","地铁11号线;地铁2号线;地铁3号线;地铁8号线",11号线,E:/jojo/UCL/T2/0012/Q1_QGIS/11号线.shp|layername=11号线
"POINT (114.03365 22.541996)","268","268",车公庙,"22.541996","114.03365","地铁11号线;地铁1号线;地铁7号线;地铁9号线",11号线,E:/jojo/UCL/T2/0012/Q1_QGIS/11号线.shp|layername=11号线
"POINT (113.977916 22.529139)","269","269",红树湾南,"22.529139","113.977916","地铁11号线;地铁9号线",11号线,E:/jojo/UCL/T2/0012/Q1_QGIS/11号线.shp|layername=11号线
"POINT (113.947799 22.523707)","270","270",后海,"22.523707","113.947799","地铁11号线;地铁2号线;地铁8号线",11号线,E:/jojo/UCL/T2/0012/Q1_QGIS/11号线.shp|layername=11号线
"POINT (113.93043 22.52975)","271","271",南山,"22.52975","113.93043",地铁11号线,11号线,E:/jojo/UCL/T2/0012/Q1_QGIS/11号线.shp|layername=11号线
"POINT (113.904232 22.542733)","272","272",前海湾,"22.542733","113.904232","地铁11号线;地铁1号线;地铁5号线",11号线,E:/jojo/UCL/T2/0012/Q1_QGIS/11号线.shp|layername=11号线
"POINT (113.886846 22.56102)","273","273",宝安,"22.56102","113.886846",地铁11号线,11号线,E:/jojo/UCL/T2/0012/Q1_QGIS/11号线.shp|layername=11号线
"POINT (113.862751 22.581116)","274","274",碧海湾,"22.581116","113.862751",地铁11号线,11号线,E:/jojo/UCL/T2/0012/Q1_QGIS/11号线.shp|layername=11号线
"POINT (113.820643 22.629272)","275","275",机场,"22.629272","113.820643",地铁11号线,11号线,E:/jojo/UCL/T2/0012/Q1_QGIS/11号线.shp|layername=11号线
"POINT (113.804835 22.6573)","276","276",机场北,"22.6573","113.804835","地铁11号线;地铁20号线",11号线,E:/jojo/UCL/T2/0012/Q1_QGIS/11号线.shp|layername=11号线
"POINT (113.812576 22.679392)","277","277",福永,"22.679392","113.812576",地铁11号线,11号线,E:/jojo/UCL/T2/0012/Q1_QGIS/11号线.shp|layername=11号线
"POINT (113.817459 22.693717)","278","278",桥头,"22.693717","113.817459",地铁11号线,11号线,E:/jojo/UCL/T2/0012/Q1_QGIS/11号线.shp|layername=11号线
"POINT (113.824469 22.707808)","279","279",塘尾,"22.707808","113.824469",地铁11号线,11号线,E:/jojo/UCL/T2/0012/Q1_QGIS/11号线.shp|layername=11号线
"POINT (113.823606 22.722572)","280","280",马安山,"22.722572","113.823606",地铁11号线,11号线,E:/jojo/UCL/T2/0012/Q1_QGIS/11号线.shp|layername=11号线
"POINT (113.830973 22.736069)","281","281",沙井,"22.736069","113.830973",地铁11号线,11号线,E:/jojo/UCL/T2/0012/Q1_QGIS/11号线.shp|layername=11号线
"POINT (113.833406 22.758302)","282","282",后亭,"22.758302","113.833406",地铁11号线,11号线,E:/jojo/UCL/T2/0012/Q1_QGIS/11号线.shp|layername=11号线
"POINT (113.836299 22.777998)","283","283",松岗,"22.777998","113.836299","地铁11号线;地铁6号线",11号线,E:/jojo/UCL/T2/0012/Q1_QGIS/11号线.shp|layername=11号线
"POINT (113.826539 22.790312)","284","284",碧头,"22.790312","113.826539",地铁11号线,11号线,E:/jojo/UCL/T2/0012/Q1_QGIS/11号线.shp|layername=11号线
"POINT (114.125317 22.537936)","1","0",罗湖,"22.537936","114.125317",地铁1号线,1号线,E:/jojo/UCL/T2/0012/Q1_QGIS/1号线.shp|layername=1号线
"POINT (114.125156 22.546055)","2","1",国贸,"22.546055","114.125156",地铁1号线,1号线,E:/jojo/UCL/T2/0012/Q1_QGIS/1号线.shp|layername=1号线
"POINT (114.122738 22.55087)","3","2",老街,"22.55087","114.122738","地铁1号线;地铁3号线",1号线,E:/jojo/UCL/T2/0012/Q1_QGIS/1号线.shp|layername=1号线
"POINT (114.114678 22.547971)","4","3",大剧院,"22.547971","114.114678","地铁1号线;地铁2号线;地铁8号线",1号线,E:/jojo/UCL/T2/0012/Q1_QGIS/1号线.shp|layername=1号线
"POINT (114.102113 22.546109)","5","4",科学馆,"22.546109","114.102113","地铁1号线;地铁6号线",1号线,E:/jojo/UCL/T2/0012/Q1_QGIS/1号线.shp|layername=1号线
"POINT (114.09171 22.546355)","6","5",华强路,"22.546355","114.09171",地铁1号线,1号线,E:/jojo/UCL/T2/0012/Q1_QGIS/1号线.shp|layername=1号线
"POINT (114.072207 22.540518)","7","6",岗厦地铁站,"22.540518","114.072207","3路;38路;62路;63路;80路;E10路;E20路;M198路;M224路;M329路;高峰专线23路;高峰专线29号;高快巴士27路",1号线,E:/jojo/UCL/T2/0012/Q1_QGIS/1号线.shp|layername=1号线
"POINT (114.067692 22.540331)","8","7",会展中心,"22.540331","114.067692","地铁1号线;地铁4号线",1号线,E:/jojo/UCL/T2/0012/Q1_QGIS/1号线.shp|layername=1号线
"POINT (114.060562 22.540108)","9","8",购物公园,"22.540108","114.060562","地铁1号线;地铁3号线",1号线,E:/jojo/UCL/T2/0012/Q1_QGIS/1号线.shp|layername=1号线
"POINT (114.045221 22.544666)","10","9",香蜜湖,"22.544666","114.045221",地铁1号线,1号线,E:/jojo/UCL/T2/0012/Q1_QGIS/1号线.shp|layername=1号线
"POINT (114.03365 22.541996)","11","10",车公庙,"22.541996","114.03365","地铁11号线;地铁1号线;地铁7号线;地铁9号线",1号线,E:/jojo/UCL/T2/0012/Q1_QGIS/1号线.shp|layername=1号线
"POINT (114.020418 22.539593)","12","11",竹子林,"22.539593","114.020418",地铁1号线,1号线,E:/jojo/UCL/T2/0012/Q1_QGIS/1号线.shp|layername=1号线
"POINT (114.003193 22.538687)","13","12",侨城东,"22.538687","114.003193",地铁1号线,1号线,E:/jojo/UCL/T2/0012/Q1_QGIS/1号线.shp|layername=1号线
"POINT (113.991722 22.539709)","14","13",华侨城,"22.539709","113.991722",地铁1号线,1号线,E:/jojo/UCL/T2/0012/Q1_QGIS/1号线.shp|layername=1号线
"POINT (113.980583 22.542891)","15","14",世界之窗,"22.542891","113.980583","地铁1号线;地铁2号线;地铁8号线",1号线,E:/jojo/UCL/T2/0012/Q1_QGIS/1号线.shp|layername=1号线
"POINT (113.973369 22.545597)","16","15",白石洲,"22.545597","113.973369",地铁1号线,1号线,E:/jojo/UCL/T2/0012/Q1_QGIS/1号线.shp|layername=1号线
"POINT (113.960423 22.546035)","17","16",高新园,"22.546035","113.960423",地铁1号线,1号线,E:/jojo/UCL/T2/0012/Q1_QGIS/1号线.shp|layername=1号线
"POINT (113.950339 22.54387)","18","17",深大,"22.54387","113.950339",地铁1号线,1号线,E:/jojo/UCL/T2/0012/Q1_QGIS/1号线.shp|layername=1号线
"POINT (113.931322 22.538089)","19","18",桃园,"22.538089","113.931322",地铁1号线,1号线,E:/jojo/UCL/T2/0012/Q1_QGIS/1号线.shp|layername=1号线
"POINT (113.921714 22.538102)","20","19",大新,"22.538102","113.921714",地铁1号线,1号线,E:/jojo/UCL/T2/0012/Q1_QGIS/1号线.shp|layername=1号线
"POINT (113.909832 22.538211)","21","20",鲤鱼门,"22.538211","113.909832",地铁1号线,1号线,E:/jojo/UCL/T2/0012/Q1_QGIS/1号线.shp|layername=1号线
"POINT (113.904232 22.542733)","22","21",前海湾,"22.542733","113.904232","地铁11号线;地铁1号线;地铁5号线",1号线,E:/jojo/UCL/T2/0012/Q1_QGIS/1号线.shp|layername=1号线
"POINT (113.900891 22.553954)","23","22",新安,"22.553954","113.900891",地铁1号线,1号线,E:/jojo/UCL/T2/0012/Q1_QGIS/1号线.shp|layername=1号线
"POINT (113.893654 22.560836)","24","23",宝安中心,"22.560836","113.893654","地铁1号线;地铁5号线",1号线,E:/jojo/UCL/T2/0012/Q1_QGIS/1号线.shp|layername=1号线
"POINT (113.887784 22.566541)","25","24",宝体,"22.566541","113.887784",地铁1号线,1号线,E:/jojo/UCL/T2/0012/Q1_QGIS/1号线.shp|layername=1号线
"POINT (113.877227 22.575276)","26","25",坪洲,"22.575276","113.877227",地铁1号线,1号线,E:/jojo/UCL/T2/0012/Q1_QGIS/1号线.shp|layername=1号线
"POINT (113.869117 22.581735)","27","26",西乡,"22.581735","113.869117",地铁1号线,1号线,E:/jojo/UCL/T2/0012/Q1_QGIS/1号线.shp|layername=1号线
"POINT (113.853605 22.60669)","28","27",固戍,"22.60669","113.853605",地铁1号线,1号线,E:/jojo/UCL/T2/0012/Q1_QGIS/1号线.shp|layername=1号线
"POINT (113.842017 22.634498)","29","28",后瑞,"22.634498","113.842017",地铁1号线,1号线,E:/jojo/UCL/T2/0012/Q1_QGIS/1号线.shp|layername=1号线
"POINT (113.829258 22.652709)","30","29",机场东,"22.652709","113.829258",地铁1号线,1号线,E:/jojo/UCL/T2/0012/Q1_QGIS/1号线.shp|layername=1号线
"POINT (113.904203 22.485483)","30","30",赤湾,"22.485483","113.904203","地铁2号线;地铁5号线;地铁8号线",2 and 8,E:\jojo\UCL\T2\0012\Q1_QGIS\2 and 8.shp|layername=2 and 8
"POINT (113.918663 22.4826)","31","31",蛇口港,"22.4826","113.918663","地铁2号线;地铁8号线",2 and 8,E:\jojo\UCL\T2\0012\Q1_QGIS\2 and 8.shp|layername=2 and 8
"POINT (113.92165 22.491116)","32","32",海上世界,"22.491116","113.92165","地铁2号线;地铁8号线",2 and 8,E:\jojo\UCL\T2\0012\Q1_QGIS\2 and 8.shp|layername=2 and 8
"POINT (113.926343 22.494247)","33","33",水湾,"22.494247","113.926343","地铁2号线;地铁8号线",2 and 8,E:\jojo\UCL\T2\0012\Q1_QGIS\2 and 8.shp|layername=2 and 8
"POINT (113.93766 22.491948)","34","34",东角头,"22.491948","113.93766","地铁2号线;地铁8号线",2 and 8,E:\jojo\UCL\T2\0012\Q1_QGIS\2 and 8.shp|layername=2 and 8
"POINT (113.945229 22.499032)","35","35",湾厦,"22.499032","113.945229","地铁2号线;地铁8号线",2 and 8,E:\jojo\UCL\T2\0012\Q1_QGIS\2 and 8.shp|layername=2 and 8
"POINT (113.944315 22.505611)","36","36",海月,"22.505611","113.944315","地铁2号线;地铁8号线",2 and 8,E:\jojo\UCL\T2\0012\Q1_QGIS\2 and 8.shp|layername=2 and 8
"POINT (113.944351 22.514872)","37","37",登良,"22.514872","113.944351","地铁2号线;地铁8号线",2 and 8,E:\jojo\UCL\T2\0012\Q1_QGIS\2 and 8.shp|layername=2 and 8
"POINT (113.947799 22.523707)","38","38",后海,"22.523707","113.947799","地铁11号线;地铁2号线;地铁8号线",2 and 8,E:\jojo\UCL\T2\0012\Q1_QGIS\2 and 8.shp|layername=2 and 8
"POINT (113.953068 22.532669)","39","39",科苑,"22.532669","113.953068","地铁2号线;地铁8号线",2 and 8,E:\jojo\UCL\T2\0012\Q1_QGIS\2 and 8.shp|layername=2 and 8
"POINT (113.975165 22.531056)","40","40",红树湾,"22.531056","113.975165","地铁2号线;地铁8号线",2 and 8,E:\jojo\UCL\T2\0012\Q1_QGIS\2 and 8.shp|layername=2 and 8
"POINT (113.980583 22.542891)","41","41",世界之窗,"22.542891","113.980583","地铁1号线;地铁2号线;地铁8号线",2 and 8,E:\jojo\UCL\T2\0012\Q1_QGIS\2 and 8.shp|layername=2 and 8
"POINT (113.995854 22.55044)","42","42",侨城北,"22.55044","113.995854","地铁2号线;地铁8号线",2 and 8,E:\jojo\UCL\T2\0012\Q1_QGIS\2 and 8.shp|layername=2 and 8
"POINT (114.005578 22.552827)","43","43",深康,"22.552827","114.005578","地铁2号线;地铁8号线",2 and 8,E:\jojo\UCL\T2\0012\Q1_QGIS\2 and 8.shp|layername=2 and 8
"POINT (114.012557 22.554985)","44","44",安托山,"22.554985","114.012557","地铁2号线;地铁7号线;地铁8号线",2 and 8,E:\jojo\UCL\T2\0012\Q1_QGIS\2 and 8.shp|layername=2 and 8
"POINT (114.020839 22.555923)","45","45",侨香,"22.555923","114.020839","地铁2号线;地铁8号线",2 and 8,E:\jojo\UCL\T2\0012\Q1_QGIS\2 and 8.shp|layername=2 and 8
"POINT (114.030406 22.558811)","46","46",香蜜,"22.558811","114.030406","地铁2号线;地铁8号线",2 and 8,E:\jojo\UCL\T2\0012\Q1_QGIS\2 and 8.shp|layername=2 and 8
"POINT (114.039793 22.560118)","47","47",香梅北,"22.560118","114.039793","地铁2号线;地铁8号线",2 and 8,E:\jojo\UCL\T2\0012\Q1_QGIS\2 and 8.shp|layername=2 and 8
"POINT (114.05003 22.559418)","48","48",景田,"22.559418","114.05003","地铁2号线;地铁8号线;地铁9号线",2 and 8,E:\jojo\UCL\T2\0012\Q1_QGIS\2 and 8.shp|layername=2 and 8
"POINT (114.056665 22.55248)","49","49",莲花西,"22.55248","114.056665","地铁2号线;地铁8号线",2 and 8,E:\jojo\UCL\T2\0012\Q1_QGIS\2 and 8.shp|layername=2 and 8
"POINT (114.060784 22.545641)","50","50",福田,"22.545641","114.060784","地铁11号线;地铁2号线;地铁3号线;地铁8号线",2 and 8,E:\jojo\UCL\T2\0012\Q1_QGIS\2 and 8.shp|layername=2 and 8
"POINT (114.067844 22.546784)","51","51",市民中心,"22.546784","114.067844","地铁2号线;地铁4号线;地铁8号线",2 and 8,E:\jojo\UCL\T2\0012\Q1_QGIS\2 and 8.shp|layername=2 and 8
"POINT (114.075212 22.546799)","52","52",岗厦北,"22.546799","114.075212","地铁10号线;地铁2号线;地铁8号线",2 and 8,E:\jojo\UCL\T2\0012\Q1_QGIS\2 and 8.shp|layername=2 and 8
"POINT (114.092509 22.549777)","53","53",华强北,"22.549777","114.092509","地铁2号线;地铁7号线;地铁8号线",2 and 8,E:\jojo\UCL\T2\0012\Q1_QGIS\2 and 8.shp|layername=2 and 8
"POINT (114.098596 22.550472)","54","54",燕南,"22.550472","114.098596","地铁2号线;地铁8号线",2 and 8,E:\jojo\UCL\T2\0012\Q1_QGIS\2 and 8.shp|layername=2 and 8
"POINT (114.114678 22.547971)","55","55",大剧院,"22.547971","114.114678","地铁1号线;地铁2号线;地铁8号线",2 and 8,E:\jojo\UCL\T2\0012\Q1_QGIS\2 and 8.shp|layername=2 and 8
"POINT (114.13172 22.550606)","56","56",湖贝,"22.550606","114.13172","地铁2号线;地铁8号线",2 and 8,E:\jojo\UCL\T2\0012\Q1_QGIS\2 and 8.shp|layername=2 and 8
"POINT (114.142497 22.552284)","57","57",黄贝岭,"22.552284","114.142497","地铁2号线;地铁5号线;地铁8号线",2 and 8,E:\jojo\UCL\T2\0012\Q1_QGIS\2 and 8.shp|layername=2 and 8
"POINT (114.155465 22.553693)","58","58",新秀,"22.553693","114.155465","地铁2号线;地铁8号线",2 and 8,E:\jojo\UCL\T2\0012\Q1_QGIS\2 and 8.shp|layername=2 and 8
"POINT (114.161879 22.559303)","59","59",莲塘口岸,"22.559303","114.161879","地铁2号线;地铁8号线",2 and 8,E:\jojo\UCL\T2\0012\Q1_QGIS\2 and 8.shp|layername=2 and 8
"POINT (114.172875 22.569759)","60","60",仙湖路,"22.569759","114.172875","地铁2号线;地铁8号线",2 and 8,E:\jojo\UCL\T2\0012\Q1_QGIS\2 and 8.shp|layername=2 and 8
"POINT (114.181004 22.5698)","61","61",莲塘,"22.5698","114.181004","地铁2号线;地铁8号线",2 and 8,E:\jojo\UCL\T2\0012\Q1_QGIS\2 and 8.shp|layername=2 and 8
"POINT (114.189988 22.563193)","205","205",梧桐山南,"22.563193","114.189988","地铁2号线;地铁8号线",2 and 8,E:\jojo\UCL\T2\0012\Q1_QGIS\2 and 8.shp|layername=2 and 8
"POINT (114.227811 22.560659)","206","206",沙头角地铁站,"22.560659","114.227811","308路;M191路;M199路;M205路;M314路;M437路;M520路",2 and 8,E:\jojo\UCL\T2\0012\Q1_QGIS\2 and 8.shp|layername=2 and 8
"POINT (114.245588 22.560978)","207","207",地铁站(壹海城店),"22.560978","114.245588",深圳市盐田区海山街道鹏湾社区沙头角中心深盐路与海山路交汇处壹海城F1,2 and 8,E:\jojo\UCL\T2\0012\Q1_QGIS\2 and 8.shp|layername=2 and 8
"POINT (114.253226 22.568848)","208","208",盐田港西,"22.568848","114.253226","地铁2号线;地铁8号线",2 and 8,E:\jojo\UCL\T2\0012\Q1_QGIS\2 and 8.shp|layername=2 and 8
"POINT (114.25109 22.590081)","209","209",深外高中,"22.590081","114.25109","地铁2号线;地铁8号线",2 and 8,E:\jojo\UCL\T2\0012\Q1_QGIS\2 and 8.shp|layername=2 and 8
"POINT (114.262083 22.595048)","210","210",盐田路,"22.595048","114.262083","地铁2号线;地铁8号线",2 and 8,E:\jojo\UCL\T2\0012\Q1_QGIS\2 and 8.shp|layername=2 and 8
"POINT (113.804835 22.6573)","0","0",机场北,"22.6573","113.804835",,20号线,E:/jojo/UCL/T2/0012/Q1_QGIS/20号线.shp|layername=20号线
"POINT (113.784952 22.69039)","1","1",国展南,"22.69039","113.784952",,20号线,E:/jojo/UCL/T2/0012/Q1_QGIS/20号线.shp|layername=20号线
"POINT (113.784365 22.700617)","2","2",国展地铁站-D口,"22.700617","113.784365",,20号线,E:/jojo/UCL/T2/0012/Q1_QGIS/20号线.shp|layername=20号线
"POINT (113.783402 22.709394)","3","3",国展北,"22.709394","113.783402",,20号线,E:/jojo/UCL/T2/0012/Q1_QGIS/20号线.shp|layername=20号线
"POINT (113.776218 22.718448)","4","4",会展城,"22.718448","113.776218",,20号线,E:/jojo/UCL/T2/0012/Q1_QGIS/20号线.shp|layername=20号线
"POINT (114.062486 22.513825)","62","62",福保,"22.513825","114.062486",地铁3号线,3号线,3号线.shp|layername=3号线
"POINT (114.057673 22.522049)","63","63",益田,"22.522049","114.057673",地铁3号线,3号线,3号线.shp|layername=3号线
"POINT (114.060299 22.52906)","64","64",石厦,"22.52906","114.060299","地铁3号线;地铁7号线",3号线,3号线.shp|layername=3号线
"POINT (114.060562 22.540108)","65","65",购物公园,"22.540108","114.060562","地铁1号线;地铁3号线",3号线,3号线.shp|layername=3号线
"POINT (114.060784 22.545641)","66","66",福田,"22.545641","114.060784","地铁11号线;地铁2号线;地铁3号线;地铁8号线",3号线,3号线.shp|layername=3号线
"POINT (114.067013 22.55368)","67","67",少年宫,"22.55368","114.067013","地铁3号线;地铁4号线",3号线,3号线.shp|layername=3号线
"POINT (114.074512 22.554522)","68","68",莲花村,"22.554522","114.074512","地铁10号线;地铁3号线",3号线,3号线.shp|layername=3号线
"POINT (114.093238 22.554929)","69","69",华新,"22.554929","114.093238","地铁3号线;地铁7号线",3号线,3号线.shp|layername=3号线
"POINT (114.102685 22.554809)","70","70",通新岭,"22.554809","114.102685","地铁3号线;地铁6号线",3号线,3号线.shp|layername=3号线
"POINT (114.110308 22.555001)","71","71",红岭,"22.555001","114.110308","地铁3号线;地铁9号线",3号线,3号线.shp|layername=3号线
"POINT (114.122738 22.55087)","72","72",老街,"22.55087","114.122738","地铁1号线;地铁3号线",3号线,3号线.shp|layername=3号线
"POINT (114.129194 22.555685)","73","73",晒布,"22.555685","114.129194",地铁3号线,3号线,3号线.shp|layername=3号线
"POINT (114.136556 22.562698)","74","74",翠竹,"22.562698","114.136556",地铁3号线,3号线,3号线.shp|layername=3号线
"POINT (114.136069 22.573393)","75","75",田贝,"22.573393","114.136069","地铁3号线;地铁7号线",3号线,3号线.shp|layername=3号线
"POINT (114.131382 22.580283)","76","76",水贝,"22.580283","114.131382",地铁3号线,3号线,3号线.shp|layername=3号线
"POINT (114.122825 22.590896)","77","77",草埔,"22.590896","114.122825",地铁3号线,3号线,3号线.shp|layername=3号线
"POINT (114.128027 22.608013)","78","78",布吉,"22.608013","114.128027","地铁3号线;地铁5号线",3号线,3号线.shp|layername=3号线
"POINT (114.136866 22.613348)","79","79",木棉湾,"22.613348","114.136866",地铁3号线,3号线,3号线.shp|layername=3号线
"POINT (114.144786 22.620295)","80","80",大芬,"22.620295","114.144786",地铁3号线,3号线,3号线.shp|layername=3号线
"POINT (114.154568 22.625729)","81","81",丹竹头,"22.625729","114.154568",地铁3号线,3号线,3号线.shp|layername=3号线
"POINT (114.1873 22.639974)","82","82",六约,"22.639974","114.1873",地铁3号线,3号线,3号线.shp|layername=3号线
"POINT (114.199302 22.644976)","83","83",塘坑,"22.644976","114.199302",地铁3号线,3号线,3号线.shp|layername=3号线
"POINT (114.215408 22.65441)","84","84",横岗,"22.65441","114.215408",地铁3号线,3号线,3号线.shp|layername=3号线
"POINT (114.224489 22.665032)","85","85",永湖,"22.665032","114.224489",地铁3号线,3号线,3号线.shp|layername=3号线
"POINT (114.23075 22.67936)","86","86",荷坳,"22.67936","114.23075",地铁3号线,3号线,3号线.shp|layername=3号线
"POINT (114.234616 22.692046)","87","87",大运,"22.692046","114.234616",地铁3号线,3号线,3号线.shp|layername=3号线
"POINT (114.240852 22.703997)","88","88",爱联,"22.703997","114.240852",地铁3号线,3号线,3号线.shp|layername=3号线
"POINT (114.250865 22.716031)","89","89",吉祥,"22.716031","114.250865",地铁3号线,3号线,3号线.shp|layername=3号线
"POINT (114.26094 22.723214)","90","90",龙城广场,"22.723214","114.26094",地铁3号线,3号线,3号线.shp|layername=3号线
"POINT (114.272271 22.728121)","91","91",南联,"22.728121","114.272271",地铁3号线,3号线,3号线.shp|layername=3号线
"POINT (114.284105 22.734723)","92","92",双龙,"22.734723","114.284105",地铁3号线,3号线,3号线.shp|layername=3号线
"POINT (114.095683 22.73055)","93","93",牛湖,"22.73055","114.095683",地铁4号线,4号线,E:/jojo/UCL/T2/0012/Q1_QGIS/4号线.shp|layername=4号线
"POINT (114.082981 22.727468)","94","94",观澜湖,"22.727468","114.082981",地铁4号线,4号线,E:/jojo/UCL/T2/0012/Q1_QGIS/4号线.shp|layername=4号线
"POINT (114.071452 22.726785)","95","95",松元厦,"22.726785","114.071452",地铁4号线,4号线,E:/jojo/UCL/T2/0012/Q1_QGIS/4号线.shp|layername=4号线
"POINT (114.061443 22.72097)","96","96",观澜,"22.72097","114.061443",地铁4号线,4号线,E:/jojo/UCL/T2/0012/Q1_QGIS/4号线.shp|layername=4号线
"POINT (114.051321 22.716443)","97","97",长湖,"22.716443","114.051321",地铁4号线,4号线,E:/jojo/UCL/T2/0012/Q1_QGIS/4号线.shp|layername=4号线
"POINT (114.047637 22.703112)","98","98",茜坑,"22.703112","114.047637",地铁4号线,4号线,E:/jojo/UCL/T2/0012/Q1_QGIS/4号线.shp|layername=4号线
"POINT (114.046811 22.692586)","99","99",竹村,"22.692586","114.046811",地铁4号线,4号线,E:/jojo/UCL/T2/0012/Q1_QGIS/4号线.shp|layername=4号线
"POINT (114.04696 22.67801)","100","100",清湖北,"22.67801","114.04696",地铁4号线,4号线,E:/jojo/UCL/T2/0012/Q1_QGIS/4号线.shp|layername=4号线
"POINT (114.0431 22.669994)","101","101",清湖,"22.669994","114.0431",地铁4号线,4号线,E:/jojo/UCL/T2/0012/Q1_QGIS/4号线.shp|layername=4号线
"POINT (114.02894 22.657782)","102","102",龙华,"22.657782","114.02894",地铁4号线,4号线,E:/jojo/UCL/T2/0012/Q1_QGIS/4号线.shp|layername=4号线
"POINT (114.018852 22.651062)","103","103",龙胜,"22.651062","114.018852",地铁4号线,4号线,E:/jojo/UCL/T2/0012/Q1_QGIS/4号线.shp|layername=4号线
"POINT (114.019211 22.643199)","104","104",上塘,"22.643199","114.019211",地铁4号线,4号线,E:/jojo/UCL/T2/0012/Q1_QGIS/4号线.shp|layername=4号线
"POINT (114.029976 22.627971)","105","105",红山,"22.627971","114.029976","地铁4号线;地铁6号线",4号线,E:/jojo/UCL/T2/0012/Q1_QGIS/4号线.shp|layername=4号线
"POINT (114.037138 22.616667)","106","106",深圳北站,"22.616667","114.037138","地铁4号线;地铁5号线;地铁6号线",4号线,E:/jojo/UCL/T2/0012/Q1_QGIS/4号线.shp|layername=4号线
"POINT (114.049182 22.607264)","107","107",白石龙,"22.607264","114.049182",地铁4号线,4号线,E:/jojo/UCL/T2/0012/Q1_QGIS/4号线.shp|layername=4号线
"POINT (114.055133 22.600182)","108","108",民乐,"22.600182","114.055133",地铁4号线,4号线,E:/jojo/UCL/T2/0012/Q1_QGIS/4号线.shp|layername=4号线
"POINT (114.066543 22.575174)","109","109",上梅林,"22.575174","114.066543","地铁4号线;地铁9号线",4号线,E:/jojo/UCL/T2/0012/Q1_QGIS/4号线.shp|layername=4号线
"POINT (114.065949 22.566216)","110","110",莲花北,"22.566216","114.065949",地铁4号线,4号线,E:/jojo/UCL/T2/0012/Q1_QGIS/4号线.shp|layername=4号线
"POINT (114.067013 22.55368)","111","111",少年宫,"22.55368","114.067013","地铁3号线;地铁4号线",4号线,E:/jojo/UCL/T2/0012/Q1_QGIS/4号线.shp|layername=4号线
"POINT (114.067844 22.546784)","112","112",市民中心,"22.546784","114.067844","地铁2号线;地铁4号线;地铁8号线",4号线,E:/jojo/UCL/T2/0012/Q1_QGIS/4号线.shp|layername=4号线
"POINT (114.067692 22.540331)","113","113",会展中心,"22.540331","114.067692","地铁1号线;地铁4号线",4号线,E:/jojo/UCL/T2/0012/Q1_QGIS/4号线.shp|layername=4号线
"POINT (114.072814 22.529772)","114","114",福民,"22.529772","114.072814","地铁10号线;地铁4号线;地铁7号线",4号线,E:/jojo/UCL/T2/0012/Q1_QGIS/4号线.shp|layername=4号线
"POINT (114.07583 22.521671)","115","115",福田口岸,"22.521671","114.07583",地铁4号线,4号线,E:/jojo/UCL/T2/0012/Q1_QGIS/4号线.shp|layername=4号线
"POINT (114.142497 22.552284)","116","116",黄贝岭,"22.552284","114.142497","地铁2号线;地铁5号线;地铁8号线",5号线,E:/jojo/UCL/T2/0012/Q1_QGIS/5号线.shp|layername=5号线
"POINT (114.146592 22.562029)","117","117",怡景,"22.562029","114.146592",地铁5号线,5号线,E:/jojo/UCL/T2/0012/Q1_QGIS/5号线.shp|layername=5号线
"POINT (114.143568 22.579697)","118","118",太安,"22.579697","114.143568","地铁5号线;地铁7号线",5号线,E:/jojo/UCL/T2/0012/Q1_QGIS/5号线.shp|layername=5号线
"POINT (114.144521 22.587239)","119","119",布心,"22.587239","114.144521",地铁5号线,5号线,E:/jojo/UCL/T2/0012/Q1_QGIS/5号线.shp|layername=5号线
"POINT (114.136855 22.601728)","120","120",百鸽笼,"22.601728","114.136855",地铁5号线,5号线,E:/jojo/UCL/T2/0012/Q1_QGIS/5号线.shp|layername=5号线
"POINT (114.128027 22.608013)","121","121",布吉,"22.608013","114.128027","地铁3号线;地铁5号线",5号线,E:/jojo/UCL/T2/0012/Q1_QGIS/5号线.shp|layername=5号线
"POINT (114.120431 22.614274)","122","122",长龙,"22.614274","114.120431",地铁5号线,5号线,E:/jojo/UCL/T2/0012/Q1_QGIS/5号线.shp|layername=5号线
"POINT (114.117164 22.62123)","123","123",下水径,"22.62123","114.117164",地铁5号线,5号线,E:/jojo/UCL/T2/0012/Q1_QGIS/5号线.shp|layername=5号线
"POINT (114.111884 22.627942)","124","124",上水径,"22.627942","114.111884",地铁5号线,5号线,E:/jojo/UCL/T2/0012/Q1_QGIS/5号线.shp|layername=5号线
"POINT (114.086573 22.632634)","125","125",杨美,"22.632634","114.086573",地铁5号线,5号线,E:/jojo/UCL/T2/0012/Q1_QGIS/5号线.shp|layername=5号线
"POINT (114.077406 22.633264)","126","126",坂田,"22.633264","114.077406",地铁5号线,5号线,E:/jojo/UCL/T2/0012/Q1_QGIS/5号线.shp|layername=5号线
"POINT (114.067291 22.632054)","127","127",五和,"22.632054","114.067291","地铁10号线;地铁5号线",5号线,E:/jojo/UCL/T2/0012/Q1_QGIS/5号线.shp|layername=5号线
"POINT (114.047419 22.623459)","128","128",民治,"22.623459","114.047419",地铁5号线,5号线,E:/jojo/UCL/T2/0012/Q1_QGIS/5号线.shp|layername=5号线
"POINT (114.037138 22.616667)","129","129",深圳北站,"22.616667","114.037138","地铁4号线;地铁5号线;地铁6号线",5号线,E:/jojo/UCL/T2/0012/Q1_QGIS/5号线.shp|layername=5号线
"POINT (114.016794 22.605556)","130","130",长岭陂,"22.605556","114.016794",地铁5号线,5号线,E:/jojo/UCL/T2/0012/Q1_QGIS/5号线.shp|layername=5号线
"POINT (114.006482 22.596454)","131","131",塘朗,"22.596454","114.006482",地铁5号线,5号线,E:/jojo/UCL/T2/0012/Q1_QGIS/5号线.shp|layername=5号线
"POINT (113.972166 22.588416)","132","132",大学城,"22.588416","113.972166",地铁5号线,5号线,E:/jojo/UCL/T2/0012/Q1_QGIS/5号线.shp|layername=5号线
"POINT (113.960285 22.586456)","133","133",西丽,"22.586456","113.960285","地铁5号线;地铁7号线",5号线,E:/jojo/UCL/T2/0012/Q1_QGIS/5号线.shp|layername=5号线
"POINT (113.950414 22.586132)","134","134",留仙洞,"22.586132","113.950414",地铁5号线,5号线,E:/jojo/UCL/T2/0012/Q1_QGIS/5号线.shp|layername=5号线
"POINT (113.925339 22.587478)","135","135",兴东,"22.587478","113.925339",地铁5号线,5号线,E:/jojo/UCL/T2/0012/Q1_QGIS/5号线.shp|layername=5号线
"POINT (113.917157 22.580576)","136","136",洪浪北,"22.580576","113.917157",地铁5号线,5号线,E:/jojo/UCL/T2/0012/Q1_QGIS/5号线.shp|layername=5号线
"POINT (113.910988 22.5754)","137","137",灵芝,"22.5754","113.910988",地铁5号线,5号线,E:/jojo/UCL/T2/0012/Q1_QGIS/5号线.shp|layername=5号线
"POINT (113.899729 22.566009)","138","138",翻身,"22.566009","113.899729",地铁5号线,5号线,E:/jojo/UCL/T2/0012/Q1_QGIS/5号线.shp|layername=5号线
"POINT (113.893654 22.560836)","139","139",宝安中心,"22.560836","113.893654","地铁1号线;地铁5号线",5号线,E:/jojo/UCL/T2/0012/Q1_QGIS/5号线.shp|layername=5号线
"POINT (113.891433 22.556037)","140","140",宝华,"22.556037","113.891433",地铁5号线,5号线,E:/jojo/UCL/T2/0012/Q1_QGIS/5号线.shp|layername=5号线
"POINT (113.895487 22.550297)","141","141",临海,"22.550297","113.895487",地铁5号线,5号线,E:/jojo/UCL/T2/0012/Q1_QGIS/5号线.shp|layername=5号线
"POINT (113.904232 22.542733)","142","142",前海湾,"22.542733","113.904232","地铁11号线;地铁1号线;地铁5号线",5号线,E:/jojo/UCL/T2/0012/Q1_QGIS/5号线.shp|layername=5号线
"POINT (113.904268 22.538174)","143","143",桂湾,"22.538174","113.904268",地铁5号线,5号线,E:/jojo/UCL/T2/0012/Q1_QGIS/5号线.shp|layername=5号线
"POINT (113.902289 22.528421)","144","144",前湾,"22.528421","113.902289","地铁5号线;地铁9号线",5号线,E:/jojo/UCL/T2/0012/Q1_QGIS/5号线.shp|layername=5号线
"POINT (113.895803 22.522213)","145","145",前湾公园,"22.522213","113.895803",地铁5号线,5号线,E:/jojo/UCL/T2/0012/Q1_QGIS/5号线.shp|layername=5号线
"POINT (113.892659 22.513829)","146","146",妈湾,"22.513829","113.892659",地铁5号线,5号线,E:/jojo/UCL/T2/0012/Q1_QGIS/5号线.shp|layername=5号线
"POINT (113.896351 22.509597)","147","147",铁路公园,"22.509597","113.896351",地铁5号线,5号线,E:/jojo/UCL/T2/0012/Q1_QGIS/5号线.shp|layername=5号线
"POINT (113.900135 22.503907)","148","148",荔湾,"22.503907","113.900135",地铁5号线,5号线,E:/jojo/UCL/T2/0012/Q1_QGIS/5号线.shp|layername=5号线
"POINT (113.904203 22.485483)","149","149",赤湾,"22.485483","113.904203","地铁2号线;地铁5号线;地铁8号线",5号线,E:/jojo/UCL/T2/0012/Q1_QGIS/5号线.shp|layername=5号线
"POINT (114.102113 22.546109)","150","150",科学馆,"22.546109","114.102113","地铁1号线;地铁6号线",6号线,E:/jojo/UCL/T2/0012/Q1_QGIS/6号线.shp|layername=6号线
"POINT (114.102685 22.554809)","151","151",通新岭,"22.554809","114.102685","地铁3号线;地铁6号线",6号线,E:/jojo/UCL/T2/0012/Q1_QGIS/6号线.shp|layername=6号线
"POINT (114.102186 22.560866)","152","152",体育中心,"22.560866","114.102186",地铁6号线,6号线,E:/jojo/UCL/T2/0012/Q1_QGIS/6号线.shp|layername=6号线
"POINT (114.100836 22.567229)","153","153",八卦岭,"22.567229","114.100836","地铁6号线;地铁7号线",6号线,E:/jojo/UCL/T2/0012/Q1_QGIS/6号线.shp|layername=6号线
"POINT (114.096286 22.574309)","154","154",银湖,"22.574309","114.096286","地铁6号线;地铁9号线",6号线,E:/jojo/UCL/T2/0012/Q1_QGIS/6号线.shp|layername=6号线
"POINT (114.07578 22.579926)","155","155",翰岭,"22.579926","114.07578",地铁6号线,6号线,E:/jojo/UCL/T2/0012/Q1_QGIS/6号线.shp|layername=6号线
"POINT (114.059906 22.600114)","156","156",梅林关,"22.600114","114.059906",地铁6号线,6号线,E:/jojo/UCL/T2/0012/Q1_QGIS/6号线.shp|layername=6号线
"POINT (114.037138 22.616667)","157","157",深圳北站,"22.616667","114.037138","地铁4号线;地铁5号线;地铁6号线",6号线,E:/jojo/UCL/T2/0012/Q1_QGIS/6号线.shp|layername=6号线
"POINT (114.029976 22.627971)","158","158",红山,"22.627971","114.029976","地铁4号线;地铁6号线",6号线,E:/jojo/UCL/T2/0012/Q1_QGIS/6号线.shp|layername=6号线
"POINT (114.023107 22.64653)","159","159",上芬,"22.64653","114.023107",地铁6号线,6号线,E:/jojo/UCL/T2/0012/Q1_QGIS/6号线.shp|layername=6号线
"POINT (114.011669 22.662456)","160","160",元芬,"22.662456","114.011669",地铁6号线,6号线,E:/jojo/UCL/T2/0012/Q1_QGIS/6号线.shp|layername=6号线
"POINT (113.997912 22.674118)","161","161",阳台山东,"22.674118","113.997912",地铁6号线,6号线,E:/jojo/UCL/T2/0012/Q1_QGIS/6号线.shp|layername=6号线
"POINT (113.95614 22.688931)","162","162",官田,"22.688931","113.95614",地铁6号线,6号线,E:/jojo/UCL/T2/0012/Q1_QGIS/6号线.shp|layername=6号线
"POINT (113.945418 22.694669)","163","163",上屋,"22.694669","113.945418",地铁6号线,6号线,E:/jojo/UCL/T2/0012/Q1_QGIS/6号线.shp|layername=6号线
"POINT (113.937313 22.732143)","164","164",长圳,"22.732143","113.937313",地铁6号线,6号线,E:/jojo/UCL/T2/0012/Q1_QGIS/6号线.shp|layername=6号线
"POINT (113.939407 22.753067)","165","165",凤凰城,"22.753067","113.939407",地铁6号线,6号线,E:/jojo/UCL/T2/0012/Q1_QGIS/6号线.shp|layername=6号线
"POINT (113.949441 22.767769)","166","166",光明大街,"22.767769","113.949441",地铁6号线,6号线,E:/jojo/UCL/T2/0012/Q1_QGIS/6号线.shp|layername=6号线
"POINT (113.951588 22.777384)","167","167",光明,"22.777384","113.951588",地铁6号线,6号线,E:/jojo/UCL/T2/0012/Q1_QGIS/6号线.shp|layername=6号线
"POINT (113.940787 22.783155)","168","168",科学公园,"22.783155","113.940787",地铁6号线,6号线,E:/jojo/UCL/T2/0012/Q1_QGIS/6号线.shp|layername=6号线
"POINT (113.929808 22.781794)","169","169",楼村,"22.781794","113.929808",地铁6号线,6号线,E:/jojo/UCL/T2/0012/Q1_QGIS/6号线.shp|layername=6号线
"POINT (113.914446 22.783621)","170","170",红花山,"22.783621","113.914446",地铁6号线,6号线,E:/jojo/UCL/T2/0012/Q1_QGIS/6号线.shp|layername=6号线
"POINT (113.897782 22.783783)","171","171",公明广场,"22.783783","113.897782",地铁6号线,6号线,E:/jojo/UCL/T2/0012/Q1_QGIS/6号线.shp|layername=6号线
"POINT (113.887685 22.787876)","172","172",合水口,"22.787876","113.887685",地铁6号线,6号线,E:/jojo/UCL/T2/0012/Q1_QGIS/6号线.shp|layername=6号线
"POINT (113.874398 22.787238)","173","173",薯田埔,"22.787238","113.874398",地铁6号线,6号线,E:/jojo/UCL/T2/0012/Q1_QGIS/6号线.shp|layername=6号线
"POINT (113.85487 22.783877)","174","174",松岗公园,"22.783877","113.85487",地铁6号线,6号线,E:/jojo/UCL/T2/0012/Q1_QGIS/6号线.shp|layername=6号线
"POINT (113.844475 22.780543)","175","175",溪头,"22.780543","113.844475",地铁6号线,6号线,E:/jojo/UCL/T2/0012/Q1_QGIS/6号线.shp|layername=6号线
"POINT (113.836299 22.777998)","176","176",松岗,"22.777998","113.836299","地铁11号线;地铁6号线",6号线,E:/jojo/UCL/T2/0012/Q1_QGIS/6号线.shp|layername=6号线
"POINT (113.97218 22.599603)","177","177",西丽湖,"22.599603","113.97218",地铁7号线,7号线,E:/jojo/UCL/T2/0012/Q1_QGIS/7号线.shp|layername=7号线
"POINT (113.960285 22.586456)","178","178",西丽,"22.586456","113.960285","地铁5号线;地铁7号线",7号线,E:/jojo/UCL/T2/0012/Q1_QGIS/7号线.shp|layername=7号线
"POINT (113.960895 22.579749)","179","179",茶光,"22.579749","113.960895",地铁7号线,7号线,E:/jojo/UCL/T2/0012/Q1_QGIS/7号线.shp|layername=7号线
"POINT (113.966916 22.574117)","180","180",珠光,"22.574117","113.966916",地铁7号线,7号线,E:/jojo/UCL/T2/0012/Q1_QGIS/7号线.shp|layername=7号线
"POINT (113.981313 22.570046)","181","181",龙井,"22.570046","113.981313",地铁7号线,7号线,E:/jojo/UCL/T2/0012/Q1_QGIS/7号线.shp|layername=7号线
"POINT (113.988291 22.56619)","182","182",桃源村,"22.56619","113.988291",地铁7号线,7号线,E:/jojo/UCL/T2/0012/Q1_QGIS/7号线.shp|layername=7号线
"POINT (114.000345 22.562734)","183","183",深云,"22.562734","114.000345",地铁7号线,7号线,E:/jojo/UCL/T2/0012/Q1_QGIS/7号线.shp|layername=7号线
"POINT (114.012557 22.554985)","184","184",安托山,"22.554985","114.012557","地铁2号线;地铁7号线;地铁8号线",7号线,E:/jojo/UCL/T2/0012/Q1_QGIS/7号线.shp|layername=7号线
"POINT (114.02481 22.546682)","185","185",农林,"22.546682","114.02481",地铁7号线,7号线,E:/jojo/UCL/T2/0012/Q1_QGIS/7号线.shp|layername=7号线
"POINT (114.03365 22.541996)","186","186",车公庙,"22.541996","114.03365","地铁11号线;地铁1号线;地铁7号线;地铁9号线",7号线,E:/jojo/UCL/T2/0012/Q1_QGIS/7号线.shp|layername=7号线
"POINT (114.042117 22.530495)","187","187",上沙,"22.530495","114.042117",地铁7号线,7号线,E:/jojo/UCL/T2/0012/Q1_QGIS/7号线.shp|layername=7号线
"POINT (114.049088 22.526598)","188","188",沙尾,"22.526598","114.049088",地铁7号线,7号线,E:/jojo/UCL/T2/0012/Q1_QGIS/7号线.shp|layername=7号线
"POINT (114.060299 22.52906)","189","189",石厦,"22.52906","114.060299","地铁3号线;地铁7号线",7号线,E:/jojo/UCL/T2/0012/Q1_QGIS/7号线.shp|layername=7号线
"POINT (114.066239 22.528766)","190","190",皇岗村,"22.528766","114.066239",地铁7号线,7号线,E:/jojo/UCL/T2/0012/Q1_QGIS/7号线.shp|layername=7号线
"POINT (114.072814 22.529772)","191","191",福民,"22.529772","114.072814","地铁10号线;地铁4号线;地铁7号线",7号线,E:/jojo/UCL/T2/0012/Q1_QGIS/7号线.shp|layername=7号线
"POINT (114.081006 22.527096)","192","192",皇岗口岸,"22.527096","114.081006",地铁7号线,7号线,E:/jojo/UCL/T2/0012/Q1_QGIS/7号线.shp|layername=7号线
"POINT (114.072814 22.529772)","193","193",福民,"22.529772","114.072814","地铁10号线;地铁4号线;地铁7号线",7号线,E:/jojo/UCL/T2/0012/Q1_QGIS/7号线.shp|layername=7号线
"POINT (114.090351 22.537705)","194","194",赤尾,"22.537705","114.090351",地铁7号线,7号线,E:/jojo/UCL/T2/0012/Q1_QGIS/7号线.shp|layername=7号线
"POINT (114.093342 22.543237)","195","195",华强南,"22.543237","114.093342",地铁7号线,7号线,E:/jojo/UCL/T2/0012/Q1_QGIS/7号线.shp|layername=7号线
"POINT (114.092509 22.549777)","196","196",华强北,"22.549777","114.092509","地铁2号线;地铁7号线;地铁8号线",7号线,E:/jojo/UCL/T2/0012/Q1_QGIS/7号线.shp|layername=7号线
"POINT (114.093238 22.554929)","197","197",华新,"22.554929","114.093238","地铁3号线;地铁7号线",7号线,E:/jojo/UCL/T2/0012/Q1_QGIS/7号线.shp|layername=7号线
"POINT (114.09363 22.561766)","198","198",黄木岗,"22.561766","114.09363",地铁7号线,7号线,E:/jojo/UCL/T2/0012/Q1_QGIS/7号线.shp|layername=7号线
"POINT (114.100836 22.567229)","199","199",八卦岭,"22.567229","114.100836","地铁6号线;地铁7号线",7号线,E:/jojo/UCL/T2/0012/Q1_QGIS/7号线.shp|layername=7号线
"POINT (114.110793 22.568287)","200","200",红岭北,"22.568287","114.110793","地铁7号线;地铁9号线",7号线,E:/jojo/UCL/T2/0012/Q1_QGIS/7号线.shp|layername=7号线
"POINT (114.117667 22.569697)","201","201",笋岗,"22.569697","114.117667",地铁7号线,7号线,E:/jojo/UCL/T2/0012/Q1_QGIS/7号线.shp|layername=7号线
"POINT (114.129292 22.572462)","202","202",洪湖,"22.572462","114.129292",地铁7号线,7号线,E:/jojo/UCL/T2/0012/Q1_QGIS/7号线.shp|layername=7号线
"POINT (114.136069 22.573393)","203","203",田贝,"22.573393","114.136069","地铁3号线;地铁7号线",7号线,E:/jojo/UCL/T2/0012/Q1_QGIS/7号线.shp|layername=7号线
"POINT (114.143568 22.579697)","204","204",太安,"22.579697","114.143568","地铁5号线;地铁7号线",7号线,E:/jojo/UCL/T2/0012/Q1_QGIS/7号线.shp|layername=7号线
"POINT (113.902289 22.528421)","211","211",前湾,"22.528421","113.902289","地铁5号线;地铁9号线",9号线,E:/jojo/UCL/T2/0012/Q1_QGIS/9号线.shp|layername=9号线
"POINT (113.905347 22.52524)","212","212",梦海,"22.52524","113.905347",地铁9号线,9号线,E:/jojo/UCL/T2/0012/Q1_QGIS/9号线.shp|layername=9号线
"POINT (113.909349 22.521524)","213","213",怡海,"22.521524","113.909349",地铁9号线,9号线,E:/jojo/UCL/T2/0012/Q1_QGIS/9号线.shp|layername=9号线
"POINT (113.919798 22.517793)","214","214",荔林,"22.517793","113.919798",地铁9号线,9号线,E:/jojo/UCL/T2/0012/Q1_QGIS/9号线.shp|layername=9号线
"POINT (113.924927 22.514926)","215","215",南油西,"22.514926","113.924927",地铁9号线,9号线,E:/jojo/UCL/T2/0012/Q1_QGIS/9号线.shp|layername=9号线
"POINT (113.932512 22.516242)","216","216",南油,"22.516242","113.932512",地铁9号线,9号线,E:/jojo/UCL/T2/0012/Q1_QGIS/9号线.shp|layername=9号线
"POINT (113.934721 22.524104)","217","217",南山书城,"22.524104","113.934721",地铁9号线,9号线,E:/jojo/UCL/T2/0012/Q1_QGIS/9号线.shp|layername=9号线
"POINT (113.94211 22.531501)","218","218",深大南,"22.531501","113.94211",地铁9号线,9号线,E:/jojo/UCL/T2/0012/Q1_QGIS/9号线.shp|layername=9号线
"POINT (113.952227 22.538384)","219","219",粤海门,"22.538384","113.952227",地铁9号线,9号线,E:/jojo/UCL/T2/0012/Q1_QGIS/9号线.shp|layername=9号线
"POINT (113.958433 22.538486)","220","220",高新南,"22.538486","113.958433",地铁9号线,9号线,E:/jojo/UCL/T2/0012/Q1_QGIS/9号线.shp|layername=9号线
"POINT (113.977916 22.529139)","221","221",红树湾南,"22.529139","113.977916","地铁11号线;地铁9号线",9号线,E:/jojo/UCL/T2/0012/Q1_QGIS/9号线.shp|layername=9号线
"POINT (113.985122 22.529393)","222","222",深湾,"22.529393","113.985122",地铁9号线,9号线,E:/jojo/UCL/T2/0012/Q1_QGIS/9号线.shp|layername=9号线
"POINT (113.999711 22.528017)","223","223",深圳湾公园,"22.528017","113.999711",地铁9号线,9号线,E:/jojo/UCL/T2/0012/Q1_QGIS/9号线.shp|layername=9号线
"POINT (114.030928 22.535251)","224","224",下沙,"22.535251","114.030928",地铁9号线,9号线,E:/jojo/UCL/T2/0012/Q1_QGIS/9号线.shp|layername=9号线
"POINT (114.03365 22.541996)","225","225",车公庙,"22.541996","114.03365","地铁11号线;地铁1号线;地铁7号线;地铁9号线",9号线,E:/jojo/UCL/T2/0012/Q1_QGIS/9号线.shp|layername=9号线
"POINT (114.046121 22.551296)","226","226",香梅,"22.551296","114.046121",地铁9号线,9号线,E:/jojo/UCL/T2/0012/Q1_QGIS/9号线.shp|layername=9号线
"POINT (114.05003 22.559418)","227","227",景田,"22.559418","114.05003","地铁2号线;地铁8号线;地铁9号线",9号线,E:/jojo/UCL/T2/0012/Q1_QGIS/9号线.shp|layername=9号线
"POINT (114.044492 22.56643)","228","228",梅景,"22.56643","114.044492",地铁9号线,9号线,E:/jojo/UCL/T2/0012/Q1_QGIS/9号线.shp|layername=9号线
"POINT (114.048023 22.571368)","229","229",下梅林,"22.571368","114.048023",地铁9号线,9号线,E:/jojo/UCL/T2/0012/Q1_QGIS/9号线.shp|layername=9号线
"POINT (114.059035 22.574203)","230","230",梅村,"22.574203","114.059035",地铁9号线,9号线,E:/jojo/UCL/T2/0012/Q1_QGIS/9号线.shp|layername=9号线
"POINT (114.066543 22.575174)","231","231",上梅林,"22.575174","114.066543","地铁4号线;地铁9号线",9号线,E:/jojo/UCL/T2/0012/Q1_QGIS/9号线.shp|layername=9号线
"POINT (114.074247 22.573885)","232","232",孖岭,"22.573885","114.074247","地铁10号线;地铁9号线",9号线,E:/jojo/UCL/T2/0012/Q1_QGIS/9号线.shp|layername=9号线
"POINT (114.096286 22.574309)","233","233",银湖,"22.574309","114.096286","地铁6号线;地铁9号线",9号线,E:/jojo/UCL/T2/0012/Q1_QGIS/9号线.shp|layername=9号线
"POINT (114.104372 22.573718)","234","234",泥岗,"22.573718","114.104372",地铁9号线,9号线,E:/jojo/UCL/T2/0012/Q1_QGIS/9号线.shp|layername=9号线
"POINT (114.110793 22.568287)","235","235",红岭北,"22.568287","114.110793","地铁7号线;地铁9号线",9号线,E:/jojo/UCL/T2/0012/Q1_QGIS/9号线.shp|layername=9号线
"POINT (114.110895 22.562236)","236","236",园岭,"22.562236","114.110895",地铁9号线,9号线,E:/jojo/UCL/T2/0012/Q1_QGIS/9号线.shp|layername=9号线
"POINT (114.110308 22.555001)","237","237",红岭,"22.555001","114.110308","地铁3号线;地铁9号线",9号线,E:/jojo/UCL/T2/0012/Q1_QGIS/9号线.shp|layername=9号线
"POINT (114.111215 22.546031)","238","238",红岭南,"22.546031","114.111215",地铁9号线,9号线,E:/jojo/UCL/T2/0012/Q1_QGIS/9号线.shp|layername=9号线
"POINT (114.115457 22.541664)","239","239",鹿丹村,"22.541664","114.115457",地铁9号线,9号线,E:/jojo/UCL/T2/0012/Q1_QGIS/9号线.shp|layername=9号线
"POINT (114.124486 22.541763)","240","240",人民南,"22.541763","114.124486",地铁9号线,9号线,E:/jojo/UCL/T2/0012/Q1_QGIS/9号线.shp|layername=9号线
"POINT (114.132273 22.546172)","241","241",向西村,"22.546172","114.132273",地铁9号线,9号线,E:/jojo/UCL/T2/0012/Q1_QGIS/9号线.shp|layername=9号线
"POINT (114.137445 22.548714)","242","242",文锦,"22.548714","114.137445",地铁9号线,9号线,E:/jojo/UCL/T2/0012/Q1_QGIS/9号线.shp|layername=9号线
"POINT (114.056356 22.695592)","15","15",大和,"22.695592","114.056356",,轻轨支线,E:/jojo/UCL/T2/0012/Q1_QGIS/轻轨支线.shp|layername=轻轨支线
"POINT (114.060372 22.695513)","16","16",东庵站,"22.695513","114.060372",,轻轨支线,E:/jojo/UCL/T2/0012/Q1_QGIS/轻轨支线.shp|layername=轻轨支线
"POINT (114.065575 22.694732)","17","17",高新区西,"22.694732","114.065575",,轻轨支线,E:/jojo/UCL/T2/0012/Q1_QGIS/轻轨支线.shp|layername=轻轨支线
"POINT (114.070697 22.694198)","18","18",高新区站,"22.694198","114.070697",,轻轨支线,E:/jojo/UCL/T2/0012/Q1_QGIS/轻轨支线.shp|layername=轻轨支线
"POINT (114.07761 22.695181)","19","19",高新区东,"22.695181","114.07761",,轻轨支线,E:/jojo/UCL/T2/0012/Q1_QGIS/轻轨支线.shp|layername=轻轨支线
"POINT (114.084186 22.696661)","20","20",下围站,"22.696661","114.084186",,轻轨支线,E:/jojo/UCL/T2/0012/Q1_QGIS/轻轨支线.shp|layername=轻轨支线
"POINT (114.0431 22.669994)","0","0",清湖,"22.669994","114.0431",,轻轨主线,E:/jojo/UCL/T2/0012/Q1_QGIS/轻轨主线.shp|layername=轻轨主线
"POINT (114.049126 22.671018)","1","1",清龙,"22.671018","114.049126",,轻轨主线,E:/jojo/UCL/T2/0012/Q1_QGIS/轻轨主线.shp|layername=轻轨主线
"POINT (114.049637 22.677891)","2","2",清湖小学,"22.677891","114.049637",,轻轨主线,E:/jojo/UCL/T2/0012/Q1_QGIS/轻轨主线.shp|layername=轻轨主线
"POINT (114.054802 22.681718)","3","3",梅龙北,"22.681718","114.054802",,轻轨主线,E:/jojo/UCL/T2/0012/Q1_QGIS/轻轨主线.shp|layername=轻轨主线
"POINT (114.055926 22.68918)","4","4",碧澜,"22.68918","114.055926",,轻轨主线,E:/jojo/UCL/T2/0012/Q1_QGIS/轻轨主线.shp|layername=轻轨主线
"POINT (114.05607 22.692166)","5","5",文澜,"22.692166","114.05607",,轻轨主线,E:/jojo/UCL/T2/0012/Q1_QGIS/轻轨主线.shp|layername=轻轨主线
"POINT (114.056356 22.695592)","6","6",大和,"22.695592","114.056356",,轻轨主线,E:/jojo/UCL/T2/0012/Q1_QGIS/轻轨主线.shp|layername=轻轨主线
"POINT (114.056133 22.700877)","7","7",世纪广场,"22.700877","114.056133",,轻轨主线,E:/jojo/UCL/T2/0012/Q1_QGIS/轻轨主线.shp|layername=轻轨主线
"POINT (114.056136 22.707104)","8","8",锦鲤,"22.707104","114.056136",,轻轨主线,E:/jojo/UCL/T2/0012/Q1_QGIS/轻轨主线.shp|layername=轻轨主线
"POINT (114.063365 22.706688)","9","9",河西,"22.706688","114.063365",,轻轨主线,E:/jojo/UCL/T2/0012/Q1_QGIS/轻轨主线.shp|layername=轻轨主线
"POINT (114.068804 22.707091)","10","10",观城,"22.707091","114.068804",,轻轨主线,E:/jojo/UCL/T2/0012/Q1_QGIS/轻轨主线.shp|layername=轻轨主线
"POINT (114.072284 22.71022)","11","11",大布头,"22.71022","114.072284",,轻轨主线,E:/jojo/UCL/T2/0012/Q1_QGIS/轻轨主线.shp|layername=轻轨主线
"POINT (114.067583 22.713862)","12","12",河东,"22.713862","114.067583",,轻轨主线,E:/jojo/UCL/T2/0012/Q1_QGIS/轻轨主线.shp|layername=轻轨主线
"POINT (114.06342 22.717188)","13","13",石角头站,"22.717188","114.06342",,轻轨主线,E:/jojo/UCL/T2/0012/Q1_QGIS/轻轨主线.shp|layername=轻轨主线
"POINT (114.061883 22.720441)","14","14",新澜,"22.720441","114.061883",,轻轨主线,E:/jojo/UCL/T2/0012/Q1_QGIS/轻轨主线.shp|layername=轻轨主线
